{"cameraMode":{"drawMode":0,"name":"Shaded","section":"Shading Mode"},"sceneLighting":true,"audioPlay":false,"sceneViewState":{"showFog":true,"showMaterialUpdate":true,"showSkybox":true,"showFlares":true,"showImageEffects":true,"showParticleSystems":true},"in2DMode":false,"pivot":{"x":-10.203097343444825,"y":15.853939056396485,"z":22.4594783782959},"rotation":{"x":0.35192355513572695,"y":0.18087060749530793,"z":-0.0695083811879158,"w":0.9157551527023315},"size":40.956024169921878,"orthographic":false}