{"cameraMode":{"drawMode":0,"name":"Shaded","section":"Shading Mode"},"sceneLighting":false,"audioPlay":false,"sceneViewState":{"showFog":true,"showMaterialUpdate":true,"showSkybox":false,"showFlares":true,"showImageEffects":true,"showParticleSystems":true},"in2DMode":false,"pivot":{"x":24.53171730041504,"y":0.6523869037628174,"z":-3.5906643867492677},"rotation":{"x":-0.3355141580104828,"y":-0.1594887375831604,"z":0.057779837399721149,"w":-0.9266802668571472},"size":0.6345734596252441,"orthographic":false}