{"cameraMode":{"drawMode":0,"name":"Shaded","section":"Shading Mode"},"sceneLighting":false,"audioPlay":false,"sceneViewState":{"showFog":true,"showMaterialUpdate":true,"showSkybox":false,"showFlares":true,"showImageEffects":true,"showParticleSystems":true},"in2DMode":false,"pivot":{"x":-17.100000381469728,"y":1.826000452041626,"z":75.5999984741211},"rotation":{"x":-0.18561410903930665,"y":-0.3706205189228058,"z":0.07587730884552002,"w":-0.9069266319274902},"size":12.404768943786621,"orthographic":false}