{"cameraMode":{"drawMode":0,"name":"Shaded","section":"Shading Mode"},"sceneLighting":false,"audioPlay":false,"sceneViewState":{"showFog":true,"showMaterialUpdate":true,"showSkybox":false,"showFlares":true,"showImageEffects":true,"showParticleSystems":true},"in2DMode":false,"pivot":{"x":26.332979202270509,"y":0.4999008774757385,"z":-6.699999809265137},"rotation":{"x":0.25113677978515627,"y":0.18038080632686616,"z":-0.047655247151851657,"w":0.9498234391212463},"size":2.7916665077209474,"orthographic":false}