{"cameraMode":{"drawMode":0,"name":"Shaded","section":"Shading Mode"},"sceneLighting":false,"audioPlay":false,"sceneViewState":{"showFog":true,"showMaterialUpdate":true,"showSkybox":false,"showFlares":true,"showImageEffects":true,"showParticleSystems":true},"in2DMode":false,"pivot":{"x":3.4200000762939455,"y":1.826000452041626,"z":113.70999908447266},"rotation":{"x":0.18166059255599976,"y":0.6204591989517212,"z":-0.15091823041439057,"w":0.7478607892990112},"size":12.404767990112305,"orthographic":false}