{"cameraMode":{"drawMode":0,"name":"Shaded","section":"Shading Mode"},"sceneLighting":false,"audioPlay":false,"sceneViewState":{"showFog":true,"showMaterialUpdate":true,"showSkybox":false,"showFlares":true,"showImageEffects":true,"showParticleSystems":true},"in2DMode":false,"pivot":{"x":-1.2205957174301148,"y":1.1263190507888795,"z":124.27156829833985},"rotation":{"x":0.07582331448793411,"y":-0.2272065430879593,"z":0.017606718465685846,"w":0.9707443714141846},"size":6.892768383026123,"orthographic":false}